Month,Reporting org id,Reporting org name,Reporting org type,Sector,Recipient country,Humanitarian?,Strict?,Transaction type,Activity id,Net money,Total money
#date+month,#org+id,#org+name,#org+type,#sector,#country,#indicator+bool+humanitarian,#indicator+bool+strict,#x_transaction_type,#activity+code,#value+net,#value+total
2014-02,xm-ocha-cerf,UNOCHA - Central Emergency Response Fund (CERF),40,Emergency Response,Uganda,1,0,spending,XM-OCHA-CERF-14-RR-CEF-004,1298995,1298995
2014-02,xm-ocha-cerf,UNOCHA - Central Emergency Response Fund (CERF),40,Emergency Response,Uganda,1,0,spending,XM-OCHA-CERF-14-RR-WHO-004,258182,258182
2014-03,xm-ocha-cerf,UNOCHA - Central Emergency Response Fund (CERF),40,Emergency Response,Ethiopia,1,0,spending,XM-OCHA-CERF-14-RR-CEF-032,840700,840700
2014-12,xm-ocha-cerf,UNOCHA - Central Emergency Response Fund (CERF),40,Emergency Response,Uganda,1,0,spending,XM-OCHA-CERF-14-RR-WHO-082,163627,163627
2015-01,xm-dac-41110,The Joint United Nations Programme on HIV and AIDS (UNAIDS) Secretariat,40,Population Policies/Programmes & Reproductive Health,Bangladesh,1,0,spending,XM-DAC-41110-SD2,281600,281600
2015-01,xm-dac-41110,The Joint United Nations Programme on HIV and AIDS (UNAIDS) Secretariat,40,Population Policies/Programmes & Reproductive Health,Cambodia,1,0,spending,XM-DAC-41110-SD2,288400,288400
2015-01,xm-dac-41110,The Joint United Nations Programme on HIV and AIDS (UNAIDS) Secretariat,40,Population Policies/Programmes & Reproductive Health,China,1,0,spending,XM-DAC-41110-SD2,724300,724300
2015-01,xm-dac-41110,The Joint United Nations Programme on HIV and AIDS (UNAIDS) Secretariat,40,Population Policies/Programmes & Reproductive Health,Fiji,1,0,spending,XM-DAC-41110-SD2,232000,232000
2015-01,xm-dac-41110,The Joint United Nations Programme on HIV and AIDS (UNAIDS) Secretariat,40,Population Policies/Programmes & Reproductive Health,India,1,0,spending,XM-DAC-41110-SD2,609200,609200
2015-01,xm-dac-41110,The Joint United Nations Programme on HIV and AIDS (UNAIDS) Secretariat,40,Population Policies/Programmes & Reproductive Health,Indonesia,1,0,spending,XM-DAC-41110-SD2,785400,785400
2015-01,xm-dac-41110,The Joint United Nations Programme on HIV and AIDS (UNAIDS) Secretariat,40,Population Policies/Programmes & Reproductive Health,Laos,1,0,spending,XM-DAC-41110-SD2,65800,65800
2015-01,xm-dac-41110,The Joint United Nations Programme on HIV and AIDS (UNAIDS) Secretariat,40,Population Policies/Programmes & Reproductive Health,Malaysia,1,0,spending,XM-DAC-41110-SD2,17000,17000
2015-01,xm-dac-41110,The Joint United Nations Programme on HIV and AIDS (UNAIDS) Secretariat,40,Population Policies/Programmes & Reproductive Health,Myanmar,1,0,spending,XM-DAC-41110-SD2,2096200,2096200
2015-01,xm-dac-41110,The Joint United Nations Programme on HIV and AIDS (UNAIDS) Secretariat,40,Population Policies/Programmes & Reproductive Health,Nepal,1,0,spending,XM-DAC-41110-SD2,436100,436100
2015-01,xm-dac-41110,The Joint United Nations Programme on HIV and AIDS (UNAIDS) Secretariat,40,Population Policies/Programmes & Reproductive Health,Pakistan,1,0,spending,XM-DAC-41110-SD2,182600,182600
2015-01,xm-dac-41110,The Joint United Nations Programme on HIV and AIDS (UNAIDS) Secretariat,40,Population Policies/Programmes & Reproductive Health,Papua New Guinea,1,0,spending,XM-DAC-41110-SD2,547800,547800
2015-01,xm-dac-41110,The Joint United Nations Programme on HIV and AIDS (UNAIDS) Secretariat,40,Population Policies/Programmes & Reproductive Health,Philippines,1,0,spending,XM-DAC-41110-SD2,547400,547400
2015-01,xm-dac-41110,The Joint United Nations Programme on HIV and AIDS (UNAIDS) Secretariat,40,Population Policies/Programmes & Reproductive Health,Sri Lanka,1,0,spending,XM-DAC-41110-SD2,53300,53300
2015-01,xm-dac-41110,The Joint United Nations Programme on HIV and AIDS (UNAIDS) Secretariat,40,Population Policies/Programmes & Reproductive Health,Thailand,1,0,spending,XM-DAC-41110-SD2,544300,544300
2015-01,xm-dac-41110,The Joint United Nations Programme on HIV and AIDS (UNAIDS) Secretariat,40,Population Policies/Programmes & Reproductive Health,Viet Nam,1,0,spending,XM-DAC-41110-SD2,1200900,1200900
2015-12,xm-dac-41110,The Joint United Nations Programme on HIV and AIDS (UNAIDS) Secretariat,40,Population Policies/Programmes & Reproductive Health,Algeria,1,0,spending,XM-DAC-41110-SD1,221500,221500
2015-12,xm-dac-41110,The Joint United Nations Programme on HIV and AIDS (UNAIDS) Secretariat,40,Population Policies/Programmes & Reproductive Health,Algeria,1,0,spending,XM-DAC-41110-SD2,90200,90200
2015-12,xm-dac-41110,The Joint United Nations Programme on HIV and AIDS (UNAIDS) Secretariat,40,Population Policies/Programmes & Reproductive Health,Algeria,1,0,spending,XM-DAC-41110-SD3,77800,77800
2015-12,xm-dac-41110,The Joint United Nations Programme on HIV and AIDS (UNAIDS) Secretariat,40,Population Policies/Programmes & Reproductive Health,Angola,1,0,spending,XM-DAC-41110-SD1,1241600,1241600
2015-12,xm-dac-41110,The Joint United Nations Programme on HIV and AIDS (UNAIDS) Secretariat,40,Population Policies/Programmes & Reproductive Health,Angola,1,0,spending,XM-DAC-41110-SD2,272900,272900
2015-12,xm-dac-41110,The Joint United Nations Programme on HIV and AIDS (UNAIDS) Secretariat,40,Population Policies/Programmes & Reproductive Health,Angola,1,0,spending,XM-DAC-41110-SD3,302200,302200
2015-12,xm-dac-41110,The Joint United Nations Programme on HIV and AIDS (UNAIDS) Secretariat,40,Population Policies/Programmes & Reproductive Health,Argentina,1,0,spending,XM-DAC-41110-SD1,945200,945200
2015-12,xm-dac-41110,The Joint United Nations Programme on HIV and AIDS (UNAIDS) Secretariat,40,Population Policies/Programmes & Reproductive Health,Argentina,1,0,spending,XM-DAC-41110-SD2,618700,618700
2015-12,xm-dac-41110,The Joint United Nations Programme on HIV and AIDS (UNAIDS) Secretariat,40,Population Policies/Programmes & Reproductive Health,Argentina,1,0,spending,XM-DAC-41110-SD3,63100,63100
2015-12,xm-dac-41110,The Joint United Nations Programme on HIV and AIDS (UNAIDS) Secretariat,40,Population Policies/Programmes & Reproductive Health,Armenia,1,0,spending,XM-DAC-41110-SD2,63400,63400
2015-12,xm-dac-41110,The Joint United Nations Programme on HIV and AIDS (UNAIDS) Secretariat,40,Population Policies/Programmes & Reproductive Health,Bahamas,1,0,spending,XM-DAC-41110-SD1,6000,6000
2015-12,xm-dac-41110,The Joint United Nations Programme on HIV and AIDS (UNAIDS) Secretariat,40,Population Policies/Programmes & Reproductive Health,Bangladesh,1,0,spending,XM-DAC-41110-SD1,792200,792200
2015-12,xm-dac-41110,The Joint United Nations Programme on HIV and AIDS (UNAIDS) Secretariat,40,Population Policies/Programmes & Reproductive Health,Bangladesh,1,0,spending,XM-DAC-41110-SD3,92700,92700
2015-12,xm-dac-41110,The Joint United Nations Programme on HIV and AIDS (UNAIDS) Secretariat,40,Population Policies/Programmes & Reproductive Health,Barbados,1,0,spending,XM-DAC-41110-SD1,1700,1700
2015-12,xm-dac-41110,The Joint United Nations Programme on HIV and AIDS (UNAIDS) Secretariat,40,Population Policies/Programmes & Reproductive Health,Barbados,1,0,spending,XM-DAC-41110-SD2,8200,8200
2015-12,xm-dac-41110,The Joint United Nations Programme on HIV and AIDS (UNAIDS) Secretariat,40,Population Policies/Programmes & Reproductive Health,Belarus,1,0,spending,XM-DAC-41110-SD1,114900,114900
2015-12,xm-dac-41110,The Joint United Nations Programme on HIV and AIDS (UNAIDS) Secretariat,40,Population Policies/Programmes & Reproductive Health,Belarus,1,0,spending,XM-DAC-41110-SD2,80500,80500
2015-12,xm-dac-41110,The Joint United Nations Programme on HIV and AIDS (UNAIDS) Secretariat,40,Population Policies/Programmes & Reproductive Health,Belarus,1,0,spending,XM-DAC-41110-SD3,12900,12900
2015-12,xm-dac-41110,The Joint United Nations Programme on HIV and AIDS (UNAIDS) Secretariat,40,Population Policies/Programmes & Reproductive Health,Belize,1,0,spending,XM-DAC-41110-SD1,1100,1100
2015-12,xm-dac-41110,The Joint United Nations Programme on HIV and AIDS (UNAIDS) Secretariat,40,Population Policies/Programmes & Reproductive Health,Belize,1,0,spending,XM-DAC-41110-SD2,2100,2100
2015-12,xm-dac-41110,The Joint United Nations Programme on HIV and AIDS (UNAIDS) Secretariat,40,Population Policies/Programmes & Reproductive Health,Benin,1,0,spending,XM-DAC-41110-SD1,571300,571300
2015-12,xm-dac-41110,The Joint United Nations Programme on HIV and AIDS (UNAIDS) Secretariat,40,Population Policies/Programmes & Reproductive Health,Benin,1,0,spending,XM-DAC-41110-SD2,161300,161300
2015-12,xm-dac-41110,The Joint United Nations Programme on HIV and AIDS (UNAIDS) Secretariat,40,Population Policies/Programmes & Reproductive Health,Benin,1,0,spending,XM-DAC-41110-SD3,144400,144400
2015-12,xm-dac-41110,The Joint United Nations Programme on HIV and AIDS (UNAIDS) Secretariat,40,Population Policies/Programmes & Reproductive Health,Bolivia,1,0,spending,XM-DAC-41110-SD1,36900,36900
2015-12,xm-dac-41110,The Joint United Nations Programme on HIV and AIDS (UNAIDS) Secretariat,40,Population Policies/Programmes & Reproductive Health,Bolivia,1,0,spending,XM-DAC-41110-SD2,12700,12700
2015-12,xm-dac-41110,The Joint United Nations Programme on HIV and AIDS (UNAIDS) Secretariat,40,Population Policies/Programmes & Reproductive Health,Bolivia,1,0,spending,XM-DAC-41110-SD3,4700,4700
2015-12,xm-dac-41110,The Joint United Nations Programme on HIV and AIDS (UNAIDS) Secretariat,40,Population Policies/Programmes & Reproductive Health,Botswana,1,0,spending,XM-DAC-41110-SD1,989000,989000
2015-12,xm-dac-41110,The Joint United Nations Programme on HIV and AIDS (UNAIDS) Secretariat,40,Population Policies/Programmes & Reproductive Health,Botswana,1,0,spending,XM-DAC-41110-SD2,866800,866800
2015-12,xm-dac-41110,The Joint United Nations Programme on HIV and AIDS (UNAIDS) Secretariat,40,Population Policies/Programmes & Reproductive Health,Botswana,1,0,spending,XM-DAC-41110-SD3,168100,168100
2015-12,xm-dac-41110,The Joint United Nations Programme on HIV and AIDS (UNAIDS) Secretariat,40,Population Policies/Programmes & Reproductive Health,Brazil,1,0,spending,XM-DAC-41110-SD1,972700,972700
2015-12,xm-dac-41110,The Joint United Nations Programme on HIV and AIDS (UNAIDS) Secretariat,40,Population Policies/Programmes & Reproductive Health,Brazil,1,0,spending,XM-DAC-41110-SD2,212700,212700
2015-12,xm-dac-41110,The Joint United Nations Programme on HIV and AIDS (UNAIDS) Secretariat,40,Population Policies/Programmes & Reproductive Health,Brazil,1,0,spending,XM-DAC-41110-SD3,287400,287400
2015-12,xm-dac-41110,The Joint United Nations Programme on HIV and AIDS (UNAIDS) Secretariat,40,Population Policies/Programmes & Reproductive Health,Burkina Faso,1,0,spending,XM-DAC-41110-SD1,746600,746600
2015-12,xm-dac-41110,The Joint United Nations Programme on HIV and AIDS (UNAIDS) Secretariat,40,Population Policies/Programmes & Reproductive Health,Burkina Faso,1,0,spending,XM-DAC-41110-SD2,385600,385600
2015-12,xm-dac-41110,The Joint United Nations Programme on HIV and AIDS (UNAIDS) Secretariat,40,Population Policies/Programmes & Reproductive Health,Burkina Faso,1,0,spending,XM-DAC-41110-SD3,137100,137100
2015-12,xm-dac-41110,The Joint United Nations Programme on HIV and AIDS (UNAIDS) Secretariat,40,Population Policies/Programmes & Reproductive Health,Burundi,1,0,spending,XM-DAC-41110-SD1,720600,720600
2015-12,xm-dac-41110,The Joint United Nations Programme on HIV and AIDS (UNAIDS) Secretariat,40,Population Policies/Programmes & Reproductive Health,Burundi,1,0,spending,XM-DAC-41110-SD2,145700,145700
2015-12,xm-dac-41110,The Joint United Nations Programme on HIV and AIDS (UNAIDS) Secretariat,40,Population Policies/Programmes & Reproductive Health,Burundi,1,0,spending,XM-DAC-41110-SD3,185500,185500
2015-12,xm-dac-41110,The Joint United Nations Programme on HIV and AIDS (UNAIDS) Secretariat,40,Population Policies/Programmes & Reproductive Health,Cambodia,1,0,spending,XM-DAC-41110-SD1,808000,808000
2015-12,xm-dac-41110,The Joint United Nations Programme on HIV and AIDS (UNAIDS) Secretariat,40,Population Policies/Programmes & Reproductive Health,Cambodia,1,0,spending,XM-DAC-41110-SD3,345400,345400
2015-12,xm-dac-41110,The Joint United Nations Programme on HIV and AIDS (UNAIDS) Secretariat,40,Population Policies/Programmes & Reproductive Health,Cameroon,0,0,spending,XM-DAC-41110-SD1,1113700,1113700
2015-12,xm-dac-41110,The Joint United Nations Programme on HIV and AIDS (UNAIDS) Secretariat,40,Population Policies/Programmes & Reproductive Health,Cameroon,1,0,spending,XM-DAC-41110-SD2,783100,783100
2015-12,xm-dac-41110,The Joint United Nations Programme on HIV and AIDS (UNAIDS) Secretariat,40,Population Policies/Programmes & Reproductive Health,Cameroon,1,0,spending,XM-DAC-41110-SD3,404000,404000
2015-12,xm-dac-41110,The Joint United Nations Programme on HIV and AIDS (UNAIDS) Secretariat,40,Population Policies/Programmes & Reproductive Health,Central African Republic,1,0,spending,XM-DAC-41110-SD1,950800,950800
2015-12,xm-dac-41110,The Joint United Nations Programme on HIV and AIDS (UNAIDS) Secretariat,40,Population Policies/Programmes & Reproductive Health,Central African Republic,1,0,spending,XM-DAC-41110-SD2,725700,725700
2015-12,xm-dac-41110,The Joint United Nations Programme on HIV and AIDS (UNAIDS) Secretariat,40,Population Policies/Programmes & Reproductive Health,Central African Republic,1,0,spending,XM-DAC-41110-SD3,192900,192900
2015-12,xm-dac-41110,The Joint United Nations Programme on HIV and AIDS (UNAIDS) Secretariat,40,Population Policies/Programmes & Reproductive Health,Chad,1,0,spending,XM-DAC-41110-SD1,1018300,1018300
2015-12,xm-dac-41110,The Joint United Nations Programme on HIV and AIDS (UNAIDS) Secretariat,40,Population Policies/Programmes & Reproductive Health,Chad,1,0,spending,XM-DAC-41110-SD2,313200,313200
2015-12,xm-dac-41110,The Joint United Nations Programme on HIV and AIDS (UNAIDS) Secretariat,40,Population Policies/Programmes & Reproductive Health,Chad,1,0,spending,XM-DAC-41110-SD3,95700,95700
2015-12,xm-dac-41110,The Joint United Nations Programme on HIV and AIDS (UNAIDS) Secretariat,40,Population Policies/Programmes & Reproductive Health,Chile,1,0,spending,XM-DAC-41110-SD1,17800,17800
2015-12,xm-dac-41110,The Joint United Nations Programme on HIV and AIDS (UNAIDS) Secretariat,40,Population Policies/Programmes & Reproductive Health,Chile,1,0,spending,XM-DAC-41110-SD2,4300,4300
2015-12,xm-dac-41110,The Joint United Nations Programme on HIV and AIDS (UNAIDS) Secretariat,40,Population Policies/Programmes & Reproductive Health,China,1,0,spending,XM-DAC-41110-SD1,1764100,1764100
2015-12,xm-dac-41110,The Joint United Nations Programme on HIV and AIDS (UNAIDS) Secretariat,40,Population Policies/Programmes & Reproductive Health,China,1,0,spending,XM-DAC-41110-SD3,333300,333300
2015-12,xm-dac-41110,The Joint United Nations Programme on HIV and AIDS (UNAIDS) Secretariat,40,Population Policies/Programmes & Reproductive Health,Colombia,1,0,spending,XM-DAC-41110-SD1,179700,179700
2015-12,xm-dac-41110,The Joint United Nations Programme on HIV and AIDS (UNAIDS) Secretariat,40,Population Policies/Programmes & Reproductive Health,Colombia,1,0,spending,XM-DAC-41110-SD2,197600,197600
2015-12,xm-dac-41110,The Joint United Nations Programme on HIV and AIDS (UNAIDS) Secretariat,40,Population Policies/Programmes & Reproductive Health,Congo Republic,1,0,spending,XM-DAC-41110-SD1,881000,881000
2015-12,xm-dac-41110,The Joint United Nations Programme on HIV and AIDS (UNAIDS) Secretariat,40,Population Policies/Programmes & Reproductive Health,Congo Republic,1,0,spending,XM-DAC-41110-SD2,297300,297300
2015-12,xm-dac-41110,The Joint United Nations Programme on HIV and AIDS (UNAIDS) Secretariat,40,Population Policies/Programmes & Reproductive Health,Congo Republic,1,0,spending,XM-DAC-41110-SD3,163700,163700
2015-12,xm-dac-41110,The Joint United Nations Programme on HIV and AIDS (UNAIDS) Secretariat,40,Population Policies/Programmes & Reproductive Health,Costa Rica,1,0,spending,XM-DAC-41110-SD1,12600,12600
2015-12,xm-dac-41110,The Joint United Nations Programme on HIV and AIDS (UNAIDS) Secretariat,40,Population Policies/Programmes & Reproductive Health,Costa Rica,1,0,spending,XM-DAC-41110-SD2,43900,43900
2015-12,xm-dac-41110,The Joint United Nations Programme on HIV and AIDS (UNAIDS) Secretariat,40,Population Policies/Programmes & Reproductive Health,Cote d'Ivoire,1,0,spending,XM-DAC-41110-SD1,817000,817000
2015-12,xm-dac-41110,The Joint United Nations Programme on HIV and AIDS (UNAIDS) Secretariat,40,Population Policies/Programmes & Reproductive Health,Cote d'Ivoire,1,0,spending,XM-DAC-41110-SD2,851300,851300
2015-12,xm-dac-41110,The Joint United Nations Programme on HIV and AIDS (UNAIDS) Secretariat,40,Population Policies/Programmes & Reproductive Health,Cote d'Ivoire,1,0,spending,XM-DAC-41110-SD3,180600,180600
2015-12,xm-dac-41110,The Joint United Nations Programme on HIV and AIDS (UNAIDS) Secretariat,40,Population Policies/Programmes & Reproductive Health,Cuba,1,0,spending,XM-DAC-41110-SD1,900,900
2015-12,xm-dac-41110,The Joint United Nations Programme on HIV and AIDS (UNAIDS) Secretariat,40,Population Policies/Programmes & Reproductive Health,Cuba,1,0,spending,XM-DAC-41110-SD2,4700,4700
2015-12,xm-dac-41110,The Joint United Nations Programme on HIV and AIDS (UNAIDS) Secretariat,40,Population Policies/Programmes & Reproductive Health,DR Congo,1,0,spending,XM-DAC-41110-SD1,1458000,1458000
2015-12,xm-dac-41110,The Joint United Nations Programme on HIV and AIDS (UNAIDS) Secretariat,40,Population Policies/Programmes & Reproductive Health,DR Congo,1,0,spending,XM-DAC-41110-SD2,1764000,1764000
2015-12,xm-dac-41110,The Joint United Nations Programme on HIV and AIDS (UNAIDS) Secretariat,40,Population Policies/Programmes & Reproductive Health,DR Congo,1,0,spending,XM-DAC-41110-SD3,272900,272900
2015-12,xm-dac-41110,The Joint United Nations Programme on HIV and AIDS (UNAIDS) Secretariat,40,Population Policies/Programmes & Reproductive Health,Djibouti,1,0,spending,XM-DAC-41110-SD1,685700,685700
2015-12,xm-dac-41110,The Joint United Nations Programme on HIV and AIDS (UNAIDS) Secretariat,40,Population Policies/Programmes & Reproductive Health,Djibouti,1,0,spending,XM-DAC-41110-SD2,318000,318000
2015-12,xm-dac-41110,The Joint United Nations Programme on HIV and AIDS (UNAIDS) Secretariat,40,Population Policies/Programmes & Reproductive Health,Djibouti,1,0,spending,XM-DAC-41110-SD3,71500,71500
2015-12,xm-dac-41110,The Joint United Nations Programme on HIV and AIDS (UNAIDS) Secretariat,40,Population Policies/Programmes & Reproductive Health,Dominican Republic,1,0,spending,XM-DAC-41110-SD1,698600,698600
2015-12,xm-dac-41110,The Joint United Nations Programme on HIV and AIDS (UNAIDS) Secretariat,40,Population Policies/Programmes & Reproductive Health,Dominican Republic,1,0,spending,XM-DAC-41110-SD2,123100,123100
2015-12,xm-dac-41110,The Joint United Nations Programme on HIV and AIDS (UNAIDS) Secretariat,40,Population Policies/Programmes & Reproductive Health,Dominican Republic,1,0,spending,XM-DAC-41110-SD3,15100,15100
2015-12,xm-dac-41110,The Joint United Nations Programme on HIV and AIDS (UNAIDS) Secretariat,40,Population Policies/Programmes & Reproductive Health,Ecuador,1,0,spending,XM-DAC-41110-SD1,23000,23000
2015-12,xm-dac-41110,The Joint United Nations Programme on HIV and AIDS (UNAIDS) Secretariat,40,Population Policies/Programmes & Reproductive Health,Ecuador,1,0,spending,XM-DAC-41110-SD2,7000,7000
2015-12,xm-dac-41110,The Joint United Nations Programme on HIV and AIDS (UNAIDS) Secretariat,40,Population Policies/Programmes & Reproductive Health,Egypt,1,0,spending,XM-DAC-41110-SD1,533700,533700
2015-12,xm-dac-41110,The Joint United Nations Programme on HIV and AIDS (UNAIDS) Secretariat,40,Population Policies/Programmes & Reproductive Health,Egypt,1,0,spending,XM-DAC-41110-SD2,58200,58200
2015-12,xm-dac-41110,The Joint United Nations Programme on HIV and AIDS (UNAIDS) Secretariat,40,Population Policies/Programmes & Reproductive Health,El Salvador,1,0,spending,XM-DAC-41110-SD1,131300,131300
2015-12,xm-dac-41110,The Joint United Nations Programme on HIV and AIDS (UNAIDS) Secretariat,40,Population Policies/Programmes & Reproductive Health,El Salvador,1,0,spending,XM-DAC-41110-SD2,126000,126000
2015-12,xm-dac-41110,The Joint United Nations Programme on HIV and AIDS (UNAIDS) Secretariat,40,Population Policies/Programmes & Reproductive Health,Equatorial Guinea,1,0,spending,XM-DAC-41110-SD1,40100,40100
2015-12,xm-dac-41110,The Joint United Nations Programme on HIV and AIDS (UNAIDS) Secretariat,40,Population Policies/Programmes & Reproductive Health,Equatorial Guinea,1,0,spending,XM-DAC-41110-SD2,40100,40100
2015-12,xm-dac-41110,The Joint United Nations Programme on HIV and AIDS (UNAIDS) Secretariat,40,Population Policies/Programmes & Reproductive Health,Eritrea,1,0,spending,XM-DAC-41110-SD1,47400,47400
2015-12,xm-dac-41110,The Joint United Nations Programme on HIV and AIDS (UNAIDS) Secretariat,40,Population Policies/Programmes & Reproductive Health,Eritrea,1,0,spending,XM-DAC-41110-SD2,93500,93500
2015-12,xm-dac-41110,The Joint United Nations Programme on HIV and AIDS (UNAIDS) Secretariat,40,Population Policies/Programmes & Reproductive Health,Eritrea,1,0,spending,XM-DAC-41110-SD3,10400,10400
2015-12,xm-dac-41110,The Joint United Nations Programme on HIV and AIDS (UNAIDS) Secretariat,40,Population Policies/Programmes & Reproductive Health,Eswatini,1,0,spending,XM-DAC-41110-SD1,1243800,1243800
2015-12,xm-dac-41110,The Joint United Nations Programme on HIV and AIDS (UNAIDS) Secretariat,40,Population Policies/Programmes & Reproductive Health,Eswatini,1,0,spending,XM-DAC-41110-SD2,751000,751000
2015-12,xm-dac-41110,The Joint United Nations Programme on HIV and AIDS (UNAIDS) Secretariat,40,Population Policies/Programmes & Reproductive Health,Eswatini,1,0,spending,XM-DAC-41110-SD3,114700,114700
2015-12,xm-dac-41110,The Joint United Nations Programme on HIV and AIDS (UNAIDS) Secretariat,40,Population Policies/Programmes & Reproductive Health,Ethiopia,1,0,spending,XM-DAC-41110-SD1,1198600,1198600
2015-12,xm-dac-41110,The Joint United Nations Programme on HIV and AIDS (UNAIDS) Secretariat,40,Population Policies/Programmes & Reproductive Health,Ethiopia,1,0,spending,XM-DAC-41110-SD2,760700,760700
2015-12,xm-dac-41110,The Joint United Nations Programme on HIV and AIDS (UNAIDS) Secretariat,40,Population Policies/Programmes & Reproductive Health,Ethiopia,1,0,spending,XM-DAC-41110-SD3,479800,479800
2015-12,xm-dac-41110,The Joint United Nations Programme on HIV and AIDS (UNAIDS) Secretariat,40,Population Policies/Programmes & Reproductive Health,Fiji,1,0,spending,XM-DAC-41110-SD1,1047200,1047200
2015-12,xm-dac-41110,The Joint United Nations Programme on HIV and AIDS (UNAIDS) Secretariat,40,Population Policies/Programmes & Reproductive Health,Fiji,1,0,spending,XM-DAC-41110-SD3,68000,68000
2015-12,xm-dac-41110,The Joint United Nations Programme on HIV and AIDS (UNAIDS) Secretariat,40,Population Policies/Programmes & Reproductive Health,Gabon,1,0,spending,XM-DAC-41110-SD1,661900,661900
2015-12,xm-dac-41110,The Joint United Nations Programme on HIV and AIDS (UNAIDS) Secretariat,40,Population Policies/Programmes & Reproductive Health,Gabon,1,0,spending,XM-DAC-41110-SD2,251300,251300
2015-12,xm-dac-41110,The Joint United Nations Programme on HIV and AIDS (UNAIDS) Secretariat,40,Population Policies/Programmes & Reproductive Health,Gabon,1,0,spending,XM-DAC-41110-SD3,102700,102700
2015-12,xm-dac-41110,The Joint United Nations Programme on HIV and AIDS (UNAIDS) Secretariat,40,Population Policies/Programmes & Reproductive Health,Gambia,1,0,spending,XM-DAC-41110-SD1,139500,139500
2015-12,xm-dac-41110,The Joint United Nations Programme on HIV and AIDS (UNAIDS) Secretariat,40,Population Policies/Programmes & Reproductive Health,Gambia,1,0,spending,XM-DAC-41110-SD2,43300,43300
2015-12,xm-dac-41110,The Joint United Nations Programme on HIV and AIDS (UNAIDS) Secretariat,40,Population Policies/Programmes & Reproductive Health,Gambia,1,0,spending,XM-DAC-41110-SD3,16500,16500
2015-12,xm-dac-41110,The Joint United Nations Programme on HIV and AIDS (UNAIDS) Secretariat,40,Population Policies/Programmes & Reproductive Health,Ghana,1,0,spending,XM-DAC-41110-SD1,858900,858900
2015-12,xm-dac-41110,The Joint United Nations Programme on HIV and AIDS (UNAIDS) Secretariat,40,Population Policies/Programmes & Reproductive Health,Ghana,1,0,spending,XM-DAC-41110-SD2,635600,635600
2015-12,xm-dac-41110,The Joint United Nations Programme on HIV and AIDS (UNAIDS) Secretariat,40,Population Policies/Programmes & Reproductive Health,Ghana,1,0,spending,XM-DAC-41110-SD3,110000,110000
2015-12,xm-dac-41110,The Joint United Nations Programme on HIV and AIDS (UNAIDS) Secretariat,40,Population Policies/Programmes & Reproductive Health,Guatemala,1,0,spending,XM-DAC-41110-SD1,983000,983000
2015-12,xm-dac-41110,The Joint United Nations Programme on HIV and AIDS (UNAIDS) Secretariat,40,Population Policies/Programmes & Reproductive Health,Guatemala,1,0,spending,XM-DAC-41110-SD2,645600,645600
2015-12,xm-dac-41110,The Joint United Nations Programme on HIV and AIDS (UNAIDS) Secretariat,40,Population Policies/Programmes & Reproductive Health,Guatemala,1,0,spending,XM-DAC-41110-SD3,609900,609900
2015-12,xm-dac-41110,The Joint United Nations Programme on HIV and AIDS (UNAIDS) Secretariat,40,Population Policies/Programmes & Reproductive Health,Guinea,1,0,spending,XM-DAC-41110-SD1,854100,854100
2015-12,xm-dac-41110,The Joint United Nations Programme on HIV and AIDS (UNAIDS) Secretariat,40,Population Policies/Programmes & Reproductive Health,Guinea,1,0,spending,XM-DAC-41110-SD2,177100,177100
2015-12,xm-dac-41110,The Joint United Nations Programme on HIV and AIDS (UNAIDS) Secretariat,40,Population Policies/Programmes & Reproductive Health,Guinea,1,0,spending,XM-DAC-41110-SD3,82600,82600
2015-12,xm-dac-41110,The Joint United Nations Programme on HIV and AIDS (UNAIDS) Secretariat,40,Population Policies/Programmes & Reproductive Health,Guinea-Bissau,1,0,spending,XM-DAC-41110-SD1,127900,127900
2015-12,xm-dac-41110,The Joint United Nations Programme on HIV and AIDS (UNAIDS) Secretariat,40,Population Policies/Programmes & Reproductive Health,Guinea-Bissau,1,0,spending,XM-DAC-41110-SD2,23000,23000
2015-12,xm-dac-41110,The Joint United Nations Programme on HIV and AIDS (UNAIDS) Secretariat,40,Population Policies/Programmes & Reproductive Health,Guyana,1,0,spending,XM-DAC-41110-SD1,739700,739700
2015-12,xm-dac-41110,The Joint United Nations Programme on HIV and AIDS (UNAIDS) Secretariat,40,Population Policies/Programmes & Reproductive Health,Guyana,1,0,spending,XM-DAC-41110-SD2,356900,356900
2015-12,xm-dac-41110,The Joint United Nations Programme on HIV and AIDS (UNAIDS) Secretariat,40,Population Policies/Programmes & Reproductive Health,Haiti,1,0,spending,XM-DAC-41110-SD1,1008800,1008800
2015-12,xm-dac-41110,The Joint United Nations Programme on HIV and AIDS (UNAIDS) Secretariat,40,Population Policies/Programmes & Reproductive Health,Haiti,1,0,spending,XM-DAC-41110-SD2,789500,789500
2015-12,xm-dac-41110,The Joint United Nations Programme on HIV and AIDS (UNAIDS) Secretariat,40,Population Policies/Programmes & Reproductive Health,Haiti,1,0,spending,XM-DAC-41110-SD3,192500,192500
2015-12,xm-dac-41110,The Joint United Nations Programme on HIV and AIDS (UNAIDS) Secretariat,40,Population Policies/Programmes & Reproductive Health,Honduras,1,0,spending,XM-DAC-41110-SD1,994600,994600
2015-12,xm-dac-41110,The Joint United Nations Programme on HIV and AIDS (UNAIDS) Secretariat,40,Population Policies/Programmes & Reproductive Health,Honduras,1,0,spending,XM-DAC-41110-SD2,290100,290100
2015-12,xm-dac-41110,The Joint United Nations Programme on HIV and AIDS (UNAIDS) Secretariat,40,Population Policies/Programmes & Reproductive Health,India,1,0,spending,XM-DAC-41110-SD1,3062600,3062600
2015-12,xm-dac-41110,The Joint United Nations Programme on HIV and AIDS (UNAIDS) Secretariat,40,Population Policies/Programmes & Reproductive Health,India,1,0,spending,XM-DAC-41110-SD3,329300,329300
2015-12,xm-dac-41110,The Joint United Nations Programme on HIV and AIDS (UNAIDS) Secretariat,40,Population Policies/Programmes & Reproductive Health,Indonesia,1,0,spending,XM-DAC-41110-SD1,1087200,1087200
2015-12,xm-dac-41110,The Joint United Nations Programme on HIV and AIDS (UNAIDS) Secretariat,40,Population Policies/Programmes & Reproductive Health,Indonesia,1,0,spending,XM-DAC-41110-SD3,273600,273600
2015-12,xm-dac-41110,The Joint United Nations Programme on HIV and AIDS (UNAIDS) Secretariat,40,Population Policies/Programmes & Reproductive Health,Iran,1,0,spending,XM-DAC-41110-SD1,325900,325900
2015-12,xm-dac-41110,The Joint United Nations Programme on HIV and AIDS (UNAIDS) Secretariat,40,Population Policies/Programmes & Reproductive Health,Iran,1,0,spending,XM-DAC-41110-SD2,280500,280500
2015-12,xm-dac-41110,The Joint United Nations Programme on HIV and AIDS (UNAIDS) Secretariat,40,Population Policies/Programmes & Reproductive Health,Iran,1,0,spending,XM-DAC-41110-SD3,98600,98600
2015-12,xm-dac-41110,The Joint United Nations Programme on HIV and AIDS (UNAIDS) Secretariat,40,Population Policies/Programmes & Reproductive Health,Jamaica,1,0,spending,XM-DAC-41110-SD1,780300,780300
2015-12,xm-dac-41110,The Joint United Nations Programme on HIV and AIDS (UNAIDS) Secretariat,40,Population Policies/Programmes & Reproductive Health,Jamaica,1,0,spending,XM-DAC-41110-SD2,422300,422300
2015-12,xm-dac-41110,The Joint United Nations Programme on HIV and AIDS (UNAIDS) Secretariat,40,Population Policies/Programmes & Reproductive Health,Jamaica,1,0,spending,XM-DAC-41110-SD3,2300,2300
2015-12,xm-dac-41110,The Joint United Nations Programme on HIV and AIDS (UNAIDS) Secretariat,40,Population Policies/Programmes & Reproductive Health,Kazakhstan,1,0,spending,XM-DAC-41110-SD1,579400,579400
2015-12,xm-dac-41110,The Joint United Nations Programme on HIV and AIDS (UNAIDS) Secretariat,40,Population Policies/Programmes & Reproductive Health,Kazakhstan,1,0,spending,XM-DAC-41110-SD2,595000,595000
2015-12,xm-dac-41110,The Joint United Nations Programme on HIV and AIDS (UNAIDS) Secretariat,40,Population Policies/Programmes & Reproductive Health,Kazakhstan,1,0,spending,XM-DAC-41110-SD3,160500,160500
2015-12,xm-dac-41110,The Joint United Nations Programme on HIV and AIDS (UNAIDS) Secretariat,40,Population Policies/Programmes & Reproductive Health,Kenya,1,0,spending,XM-DAC-41110-SD1,1388800,1388800
2015-12,xm-dac-41110,The Joint United Nations Programme on HIV and AIDS (UNAIDS) Secretariat,40,Population Policies/Programmes & Reproductive Health,Kenya,1,0,spending,XM-DAC-41110-SD2,1600500,1600500
2015-12,xm-dac-41110,The Joint United Nations Programme on HIV and AIDS (UNAIDS) Secretariat,40,Population Policies/Programmes & Reproductive Health,Kenya,1,0,spending,XM-DAC-41110-SD3,223200,223200
2015-12,xm-dac-41110,The Joint United Nations Programme on HIV and AIDS (UNAIDS) Secretariat,40,Population Policies/Programmes & Reproductive Health,Kyrgyz Republic,1,0,spending,XM-DAC-41110-SD1,59800,59800
2015-12,xm-dac-41110,The Joint United Nations Programme on HIV and AIDS (UNAIDS) Secretariat,40,Population Policies/Programmes & Reproductive Health,Kyrgyz Republic,1,0,spending,XM-DAC-41110-SD2,101100,101100
2015-12,xm-dac-41110,The Joint United Nations Programme on HIV and AIDS (UNAIDS) Secretariat,40,Population Policies/Programmes & Reproductive Health,Kyrgyz Republic,1,0,spending,XM-DAC-41110-SD3,36200,36200
2015-12,xm-dac-41110,The Joint United Nations Programme on HIV and AIDS (UNAIDS) Secretariat,40,Population Policies/Programmes & Reproductive Health,Laos,1,0,spending,XM-DAC-41110-SD1,18500,18500
2015-12,xm-dac-41110,The Joint United Nations Programme on HIV and AIDS (UNAIDS) Secretariat,40,Population Policies/Programmes & Reproductive Health,Laos,1,0,spending,XM-DAC-41110-SD3,9200,9200
2015-12,xm-dac-41110,The Joint United Nations Programme on HIV and AIDS (UNAIDS) Secretariat,40,Population Policies/Programmes & Reproductive Health,Lesotho,1,0,spending,XM-DAC-41110-SD1,928000,928000
2015-12,xm-dac-41110,The Joint United Nations Programme on HIV and AIDS (UNAIDS) Secretariat,40,Population Policies/Programmes & Reproductive Health,Lesotho,1,0,spending,XM-DAC-41110-SD2,133700,133700
2015-12,xm-dac-41110,The Joint United Nations Programme on HIV and AIDS (UNAIDS) Secretariat,40,Population Policies/Programmes & Reproductive Health,Lesotho,1,0,spending,XM-DAC-41110-SD3,96100,96100
2015-12,xm-dac-41110,The Joint United Nations Programme on HIV and AIDS (UNAIDS) Secretariat,40,Population Policies/Programmes & Reproductive Health,Liberia,1,0,spending,XM-DAC-41110-SD1,730000,730000
2015-12,xm-dac-41110,The Joint United Nations Programme on HIV and AIDS (UNAIDS) Secretariat,40,Population Policies/Programmes & Reproductive Health,Liberia,1,0,spending,XM-DAC-41110-SD2,842500,842500
2015-12,xm-dac-41110,The Joint United Nations Programme on HIV and AIDS (UNAIDS) Secretariat,40,Population Policies/Programmes & Reproductive Health,Liberia,1,0,spending,XM-DAC-41110-SD3,80700,80700
2015-12,xm-dac-41110,The Joint United Nations Programme on HIV and AIDS (UNAIDS) Secretariat,40,Population Policies/Programmes & Reproductive Health,Madagascar,0,0,spending,XM-DAC-41110-SD2,298300,298300
2015-12,xm-dac-41110,The Joint United Nations Programme on HIV and AIDS (UNAIDS) Secretariat,40,Population Policies/Programmes & Reproductive Health,Madagascar,1,0,spending,XM-DAC-41110-SD1,821400,821400
2015-12,xm-dac-41110,The Joint United Nations Programme on HIV and AIDS (UNAIDS) Secretariat,40,Population Policies/Programmes & Reproductive Health,Madagascar,1,0,spending,XM-DAC-41110-SD3,79800,79800
2015-12,xm-dac-41110,The Joint United Nations Programme on HIV and AIDS (UNAIDS) Secretariat,40,Population Policies/Programmes & Reproductive Health,Malawi,1,0,spending,XM-DAC-41110-SD1,1269600,1269600
2015-12,xm-dac-41110,The Joint United Nations Programme on HIV and AIDS (UNAIDS) Secretariat,40,Population Policies/Programmes & Reproductive Health,Malawi,1,0,spending,XM-DAC-41110-SD2,1034900,1034900
2015-12,xm-dac-41110,The Joint United Nations Programme on HIV and AIDS (UNAIDS) Secretariat,40,Population Policies/Programmes & Reproductive Health,Malawi,1,0,spending,XM-DAC-41110-SD3,192800,192800
2015-12,xm-dac-41110,The Joint United Nations Programme on HIV and AIDS (UNAIDS) Secretariat,40,Population Policies/Programmes & Reproductive Health,Malaysia,1,0,spending,XM-DAC-41110-SD1,6500,6500
2015-12,xm-dac-41110,The Joint United Nations Programme on HIV and AIDS (UNAIDS) Secretariat,40,Population Policies/Programmes & Reproductive Health,Malaysia,1,0,spending,XM-DAC-41110-SD3,1200,1200
2015-12,xm-dac-41110,The Joint United Nations Programme on HIV and AIDS (UNAIDS) Secretariat,40,Population Policies/Programmes & Reproductive Health,Mali,1,0,spending,XM-DAC-41110-SD1,764200,764200
2015-12,xm-dac-41110,The Joint United Nations Programme on HIV and AIDS (UNAIDS) Secretariat,40,Population Policies/Programmes & Reproductive Health,Mali,1,0,spending,XM-DAC-41110-SD2,266800,266800
2015-12,xm-dac-41110,The Joint United Nations Programme on HIV and AIDS (UNAIDS) Secretariat,40,Population Policies/Programmes & Reproductive Health,Mali,1,0,spending,XM-DAC-41110-SD3,90600,90600
2015-12,xm-dac-41110,The Joint United Nations Programme on HIV and AIDS (UNAIDS) Secretariat,40,Population Policies/Programmes & Reproductive Health,Mauritania,1,0,spending,XM-DAC-41110-SD1,139000,139000
2015-12,xm-dac-41110,The Joint United Nations Programme on HIV and AIDS (UNAIDS) Secretariat,40,Population Policies/Programmes & Reproductive Health,Mauritania,1,0,spending,XM-DAC-41110-SD2,121100,121100
2015-12,xm-dac-41110,The Joint United Nations Programme on HIV and AIDS (UNAIDS) Secretariat,40,Population Policies/Programmes & Reproductive Health,Mauritania,1,0,spending,XM-DAC-41110-SD3,76300,76300
2015-12,xm-dac-41110,The Joint United Nations Programme on HIV and AIDS (UNAIDS) Secretariat,40,Population Policies/Programmes & Reproductive Health,Mexico,1,0,spending,XM-DAC-41110-SD1,12800,12800
2015-12,xm-dac-41110,The Joint United Nations Programme on HIV and AIDS (UNAIDS) Secretariat,40,Population Policies/Programmes & Reproductive Health,Mexico,1,0,spending,XM-DAC-41110-SD2,26000,26000
2015-12,xm-dac-41110,The Joint United Nations Programme on HIV and AIDS (UNAIDS) Secretariat,40,Population Policies/Programmes & Reproductive Health,Moldova,1,0,spending,XM-DAC-41110-SD1,130900,130900
2015-12,xm-dac-41110,The Joint United Nations Programme on HIV and AIDS (UNAIDS) Secretariat,40,Population Policies/Programmes & Reproductive Health,Moldova,1,0,spending,XM-DAC-41110-SD2,86100,86100
2015-12,xm-dac-41110,The Joint United Nations Programme on HIV and AIDS (UNAIDS) Secretariat,40,Population Policies/Programmes & Reproductive Health,Mongolia,1,0,spending,XM-DAC-41110-SD1,58200,58200
2015-12,xm-dac-41110,The Joint United Nations Programme on HIV and AIDS (UNAIDS) Secretariat,40,Population Policies/Programmes & Reproductive Health,Morocco,1,0,spending,XM-DAC-41110-SD1,448300,448300
2015-12,xm-dac-41110,The Joint United Nations Programme on HIV and AIDS (UNAIDS) Secretariat,40,Population Policies/Programmes & Reproductive Health,Morocco,1,0,spending,XM-DAC-41110-SD2,414400,414400
2015-12,xm-dac-41110,The Joint United Nations Programme on HIV and AIDS (UNAIDS) Secretariat,40,Population Policies/Programmes & Reproductive Health,Morocco,1,0,spending,XM-DAC-41110-SD3,83500,83500
2015-12,xm-dac-41110,The Joint United Nations Programme on HIV and AIDS (UNAIDS) Secretariat,40,Population Policies/Programmes & Reproductive Health,Mozambique,1,0,spending,XM-DAC-41110-SD1,1502200,1502200
2015-12,xm-dac-41110,The Joint United Nations Programme on HIV and AIDS (UNAIDS) Secretariat,40,Population Policies/Programmes & Reproductive Health,Mozambique,1,0,spending,XM-DAC-41110-SD2,657900,657900
2015-12,xm-dac-41110,The Joint United Nations Programme on HIV and AIDS (UNAIDS) Secretariat,40,Population Policies/Programmes & Reproductive Health,Mozambique,1,0,spending,XM-DAC-41110-SD3,469800,469800
2015-12,xm-dac-41110,The Joint United Nations Programme on HIV and AIDS (UNAIDS) Secretariat,40,Population Policies/Programmes & Reproductive Health,Myanmar,1,0,spending,XM-DAC-41110-SD1,2138600,2138600
2015-12,xm-dac-41110,The Joint United Nations Programme on HIV and AIDS (UNAIDS) Secretariat,40,Population Policies/Programmes & Reproductive Health,Myanmar,1,0,spending,XM-DAC-41110-SD3,509500,509500
2015-12,xm-dac-41110,The Joint United Nations Programme on HIV and AIDS (UNAIDS) Secretariat,40,Population Policies/Programmes & Reproductive Health,Namibia,1,0,spending,XM-DAC-41110-SD1,836600,836600
2015-12,xm-dac-41110,The Joint United Nations Programme on HIV and AIDS (UNAIDS) Secretariat,40,Population Policies/Programmes & Reproductive Health,Namibia,1,0,spending,XM-DAC-41110-SD2,313200,313200
2015-12,xm-dac-41110,The Joint United Nations Programme on HIV and AIDS (UNAIDS) Secretariat,40,Population Policies/Programmes & Reproductive Health,Namibia,1,0,spending,XM-DAC-41110-SD3,299600,299600
2015-12,xm-dac-41110,The Joint United Nations Programme on HIV and AIDS (UNAIDS) Secretariat,40,Population Policies/Programmes & Reproductive Health,Nepal,1,0,spending,XM-DAC-41110-SD1,810800,810800
2015-12,xm-dac-41110,The Joint United Nations Programme on HIV and AIDS (UNAIDS) Secretariat,40,Population Policies/Programmes & Reproductive Health,Nepal,1,0,spending,XM-DAC-41110-SD3,29700,29700
2015-12,xm-dac-41110,The Joint United Nations Programme on HIV and AIDS (UNAIDS) Secretariat,40,Population Policies/Programmes & Reproductive Health,Nicaragua,1,0,spending,XM-DAC-41110-SD1,12400,12400
2015-12,xm-dac-41110,The Joint United Nations Programme on HIV and AIDS (UNAIDS) Secretariat,40,Population Policies/Programmes & Reproductive Health,Nicaragua,1,0,spending,XM-DAC-41110-SD2,12400,12400
2015-12,xm-dac-41110,The Joint United Nations Programme on HIV and AIDS (UNAIDS) Secretariat,40,Population Policies/Programmes & Reproductive Health,Niger,1,0,spending,XM-DAC-41110-SD1,501900,501900
2015-12,xm-dac-41110,The Joint United Nations Programme on HIV and AIDS (UNAIDS) Secretariat,40,Population Policies/Programmes & Reproductive Health,Niger,1,0,spending,XM-DAC-41110-SD2,144200,144200
2015-12,xm-dac-41110,The Joint United Nations Programme on HIV and AIDS (UNAIDS) Secretariat,40,Population Policies/Programmes & Reproductive Health,Niger,1,0,spending,XM-DAC-41110-SD3,100100,100100
2015-12,xm-dac-41110,The Joint United Nations Programme on HIV and AIDS (UNAIDS) Secretariat,40,Population Policies/Programmes & Reproductive Health,Nigeria,1,0,spending,XM-DAC-41110-SD1,1763700,1763700
2015-12,xm-dac-41110,The Joint United Nations Programme on HIV and AIDS (UNAIDS) Secretariat,40,Population Policies/Programmes & Reproductive Health,Nigeria,1,0,spending,XM-DAC-41110-SD2,2660600,2660600
2015-12,xm-dac-41110,The Joint United Nations Programme on HIV and AIDS (UNAIDS) Secretariat,40,Population Policies/Programmes & Reproductive Health,Nigeria,1,0,spending,XM-DAC-41110-SD3,538500,538500
2015-12,xm-dac-41110,The Joint United Nations Programme on HIV and AIDS (UNAIDS) Secretariat,40,Population Policies/Programmes & Reproductive Health,Pakistan,1,0,spending,XM-DAC-41110-SD1,1225600,1225600
2015-12,xm-dac-41110,The Joint United Nations Programme on HIV and AIDS (UNAIDS) Secretariat,40,Population Policies/Programmes & Reproductive Health,Pakistan,1,0,spending,XM-DAC-41110-SD3,429000,429000
2015-12,xm-dac-41110,The Joint United Nations Programme on HIV and AIDS (UNAIDS) Secretariat,40,Population Policies/Programmes & Reproductive Health,Panama,1,0,spending,XM-DAC-41110-SD1,16100,16100
2015-12,xm-dac-41110,The Joint United Nations Programme on HIV and AIDS (UNAIDS) Secretariat,40,Population Policies/Programmes & Reproductive Health,Panama,1,0,spending,XM-DAC-41110-SD2,62800,62800
2015-12,xm-dac-41110,The Joint United Nations Programme on HIV and AIDS (UNAIDS) Secretariat,40,Population Policies/Programmes & Reproductive Health,Papua New Guinea,1,0,spending,XM-DAC-41110-SD1,1540300,1540300
2015-12,xm-dac-41110,The Joint United Nations Programme on HIV and AIDS (UNAIDS) Secretariat,40,Population Policies/Programmes & Reproductive Health,Papua New Guinea,1,0,spending,XM-DAC-41110-SD3,239600,239600
2015-12,xm-dac-41110,The Joint United Nations Programme on HIV and AIDS (UNAIDS) Secretariat,40,Population Policies/Programmes & Reproductive Health,Paraguay,1,0,spending,XM-DAC-41110-SD2,17600,17600
2015-12,xm-dac-41110,The Joint United Nations Programme on HIV and AIDS (UNAIDS) Secretariat,40,Population Policies/Programmes & Reproductive Health,Peru,1,0,spending,XM-DAC-41110-SD1,930800,930800
2015-12,xm-dac-41110,The Joint United Nations Programme on HIV and AIDS (UNAIDS) Secretariat,40,Population Policies/Programmes & Reproductive Health,Peru,1,0,spending,XM-DAC-41110-SD2,680600,680600
2015-12,xm-dac-41110,The Joint United Nations Programme on HIV and AIDS (UNAIDS) Secretariat,40,Population Policies/Programmes & Reproductive Health,Peru,1,0,spending,XM-DAC-41110-SD3,62400,62400
2015-12,xm-dac-41110,The Joint United Nations Programme on HIV and AIDS (UNAIDS) Secretariat,40,Population Policies/Programmes & Reproductive Health,Philippines,1,0,spending,XM-DAC-41110-SD1,316300,316300
2015-12,xm-dac-41110,The Joint United Nations Programme on HIV and AIDS (UNAIDS) Secretariat,40,Population Policies/Programmes & Reproductive Health,Philippines,1,0,spending,XM-DAC-41110-SD3,209000,209000
2015-12,xm-dac-41110,The Joint United Nations Programme on HIV and AIDS (UNAIDS) Secretariat,40,Population Policies/Programmes & Reproductive Health,Rwanda,1,0,spending,XM-DAC-41110-SD1,1260100,1260100
2015-12,xm-dac-41110,The Joint United Nations Programme on HIV and AIDS (UNAIDS) Secretariat,40,Population Policies/Programmes & Reproductive Health,Rwanda,1,0,spending,XM-DAC-41110-SD2,507700,507700
2015-12,xm-dac-41110,The Joint United Nations Programme on HIV and AIDS (UNAIDS) Secretariat,40,Population Policies/Programmes & Reproductive Health,Rwanda,1,0,spending,XM-DAC-41110-SD3,244900,244900
2015-12,xm-dac-41110,The Joint United Nations Programme on HIV and AIDS (UNAIDS) Secretariat,40,Population Policies/Programmes & Reproductive Health,Senegal,1,0,spending,XM-DAC-41110-SD1,168800,168800
2015-12,xm-dac-41110,The Joint United Nations Programme on HIV and AIDS (UNAIDS) Secretariat,40,Population Policies/Programmes & Reproductive Health,Senegal,1,0,spending,XM-DAC-41110-SD2,112100,112100
2015-12,xm-dac-41110,The Joint United Nations Programme on HIV and AIDS (UNAIDS) Secretariat,40,Population Policies/Programmes & Reproductive Health,Sierra Leone,1,0,spending,XM-DAC-41110-SD1,845000,845000
2015-12,xm-dac-41110,The Joint United Nations Programme on HIV and AIDS (UNAIDS) Secretariat,40,Population Policies/Programmes & Reproductive Health,Sierra Leone,1,0,spending,XM-DAC-41110-SD2,660900,660900
2015-12,xm-dac-41110,The Joint United Nations Programme on HIV and AIDS (UNAIDS) Secretariat,40,Population Policies/Programmes & Reproductive Health,Sierra Leone,1,0,spending,XM-DAC-41110-SD3,47900,47900
2015-12,xm-dac-41110,The Joint United Nations Programme on HIV and AIDS (UNAIDS) Secretariat,40,Population Policies/Programmes & Reproductive Health,Somalia,1,0,spending,XM-DAC-41110-SD1,482300,482300
2015-12,xm-dac-41110,The Joint United Nations Programme on HIV and AIDS (UNAIDS) Secretariat,40,Population Policies/Programmes & Reproductive Health,Somalia,1,0,spending,XM-DAC-41110-SD2,82700,82700
2015-12,xm-dac-41110,The Joint United Nations Programme on HIV and AIDS (UNAIDS) Secretariat,40,Population Policies/Programmes & Reproductive Health,Somalia,1,0,spending,XM-DAC-41110-SD3,146600,146600
2015-12,xm-dac-41110,The Joint United Nations Programme on HIV and AIDS (UNAIDS) Secretariat,40,Population Policies/Programmes & Reproductive Health,South Africa,1,0,spending,XM-DAC-41110-SD1,3650400,3650400
2015-12,xm-dac-41110,The Joint United Nations Programme on HIV and AIDS (UNAIDS) Secretariat,40,Population Policies/Programmes & Reproductive Health,South Africa,1,0,spending,XM-DAC-41110-SD2,697100,697100
2015-12,xm-dac-41110,The Joint United Nations Programme on HIV and AIDS (UNAIDS) Secretariat,40,Population Policies/Programmes & Reproductive Health,South Africa,1,0,spending,XM-DAC-41110-SD3,416700,416700
2015-12,xm-dac-41110,The Joint United Nations Programme on HIV and AIDS (UNAIDS) Secretariat,40,Population Policies/Programmes & Reproductive Health,South Sudan,1,0,spending,XM-DAC-41110-SD1,1567400,1567400
2015-12,xm-dac-41110,The Joint United Nations Programme on HIV and AIDS (UNAIDS) Secretariat,40,Population Policies/Programmes & Reproductive Health,South Sudan,1,0,spending,XM-DAC-41110-SD2,832600,832600
2015-12,xm-dac-41110,The Joint United Nations Programme on HIV and AIDS (UNAIDS) Secretariat,40,Population Policies/Programmes & Reproductive Health,South Sudan,1,0,spending,XM-DAC-41110-SD3,368600,368600
2015-12,xm-dac-41110,The Joint United Nations Programme on HIV and AIDS (UNAIDS) Secretariat,40,Population Policies/Programmes & Reproductive Health,Sri Lanka,1,0,spending,XM-DAC-41110-SD1,154000,154000
2015-12,xm-dac-41110,The Joint United Nations Programme on HIV and AIDS (UNAIDS) Secretariat,40,Population Policies/Programmes & Reproductive Health,Sri Lanka,1,0,spending,XM-DAC-41110-SD3,5100,5100
2015-12,xm-dac-41110,The Joint United Nations Programme on HIV and AIDS (UNAIDS) Secretariat,40,Population Policies/Programmes & Reproductive Health,Sudan,1,0,spending,XM-DAC-41110-SD1,656300,656300
2015-12,xm-dac-41110,The Joint United Nations Programme on HIV and AIDS (UNAIDS) Secretariat,40,Population Policies/Programmes & Reproductive Health,Sudan,1,0,spending,XM-DAC-41110-SD2,413300,413300
2015-12,xm-dac-41110,The Joint United Nations Programme on HIV and AIDS (UNAIDS) Secretariat,40,Population Policies/Programmes & Reproductive Health,Sudan,1,0,spending,XM-DAC-41110-SD3,102200,102200
2015-12,xm-dac-41110,The Joint United Nations Programme on HIV and AIDS (UNAIDS) Secretariat,40,Population Policies/Programmes & Reproductive Health,Suriname,1,0,spending,XM-DAC-41110-SD1,13600,13600
2015-12,xm-dac-41110,The Joint United Nations Programme on HIV and AIDS (UNAIDS) Secretariat,40,Population Policies/Programmes & Reproductive Health,Suriname,1,0,spending,XM-DAC-41110-SD2,6300,6300
2015-12,xm-dac-41110,The Joint United Nations Programme on HIV and AIDS (UNAIDS) Secretariat,40,Population Policies/Programmes & Reproductive Health,Tajikistan,1,0,spending,XM-DAC-41110-SD1,86100,86100
2015-12,xm-dac-41110,The Joint United Nations Programme on HIV and AIDS (UNAIDS) Secretariat,40,Population Policies/Programmes & Reproductive Health,Tajikistan,1,0,spending,XM-DAC-41110-SD2,112100,112100
2015-12,xm-dac-41110,The Joint United Nations Programme on HIV and AIDS (UNAIDS) Secretariat,40,Population Policies/Programmes & Reproductive Health,Tajikistan,1,0,spending,XM-DAC-41110-SD3,5300,5300
2015-12,xm-dac-41110,The Joint United Nations Programme on HIV and AIDS (UNAIDS) Secretariat,40,Population Policies/Programmes & Reproductive Health,Tanzania,1,0,spending,XM-DAC-41110-SD1,1476700,1476700
2015-12,xm-dac-41110,The Joint United Nations Programme on HIV and AIDS (UNAIDS) Secretariat,40,Population Policies/Programmes & Reproductive Health,Tanzania,1,0,spending,XM-DAC-41110-SD2,1028100,1028100
2015-12,xm-dac-41110,The Joint United Nations Programme on HIV and AIDS (UNAIDS) Secretariat,40,Population Policies/Programmes & Reproductive Health,Tanzania,1,0,spending,XM-DAC-41110-SD3,242600,242600
2015-12,xm-dac-41110,The Joint United Nations Programme on HIV and AIDS (UNAIDS) Secretariat,40,Population Policies/Programmes & Reproductive Health,Thailand,1,0,spending,XM-DAC-41110-SD1,875500,875500
2015-12,xm-dac-41110,The Joint United Nations Programme on HIV and AIDS (UNAIDS) Secretariat,40,Population Policies/Programmes & Reproductive Health,Thailand,1,0,spending,XM-DAC-41110-SD3,190100,190100
2015-12,xm-dac-41110,The Joint United Nations Programme on HIV and AIDS (UNAIDS) Secretariat,40,Population Policies/Programmes & Reproductive Health,Togo,1,0,spending,XM-DAC-41110-SD1,575000,575000
2015-12,xm-dac-41110,The Joint United Nations Programme on HIV and AIDS (UNAIDS) Secretariat,40,Population Policies/Programmes & Reproductive Health,Togo,1,0,spending,XM-DAC-41110-SD2,219800,219800
2015-12,xm-dac-41110,The Joint United Nations Programme on HIV and AIDS (UNAIDS) Secretariat,40,Population Policies/Programmes & Reproductive Health,Togo,1,0,spending,XM-DAC-41110-SD3,108100,108100
2015-12,xm-dac-41110,The Joint United Nations Programme on HIV and AIDS (UNAIDS) Secretariat,40,Population Policies/Programmes & Reproductive Health,Trinidad and Tobago,1,0,spending,XM-DAC-41110-SD1,10400,10400
2015-12,xm-dac-41110,The Joint United Nations Programme on HIV and AIDS (UNAIDS) Secretariat,40,Population Policies/Programmes & Reproductive Health,Tunisia,1,0,spending,XM-DAC-41110-SD1,48300,48300
2015-12,xm-dac-41110,The Joint United Nations Programme on HIV and AIDS (UNAIDS) Secretariat,40,Population Policies/Programmes & Reproductive Health,Tunisia,1,0,spending,XM-DAC-41110-SD2,81100,81100
2015-12,xm-dac-41110,The Joint United Nations Programme on HIV and AIDS (UNAIDS) Secretariat,40,Population Policies/Programmes & Reproductive Health,Tunisia,1,0,spending,XM-DAC-41110-SD3,10300,10300
2015-12,xm-dac-41110,The Joint United Nations Programme on HIV and AIDS (UNAIDS) Secretariat,40,Population Policies/Programmes & Reproductive Health,Uganda,1,0,spending,XM-DAC-41110-SD1,1188000,1188000
2015-12,xm-dac-41110,The Joint United Nations Programme on HIV and AIDS (UNAIDS) Secretariat,40,Population Policies/Programmes & Reproductive Health,Uganda,1,0,spending,XM-DAC-41110-SD2,1415300,1415300
2015-12,xm-dac-41110,The Joint United Nations Programme on HIV and AIDS (UNAIDS) Secretariat,40,Population Policies/Programmes & Reproductive Health,Uganda,1,0,spending,XM-DAC-41110-SD3,306500,306500
2015-12,xm-dac-41110,The Joint United Nations Programme on HIV and AIDS (UNAIDS) Secretariat,40,Population Policies/Programmes & Reproductive Health,Ukraine,1,0,spending,XM-DAC-41110-SD1,750700,750700
2015-12,xm-dac-41110,The Joint United Nations Programme on HIV and AIDS (UNAIDS) Secretariat,40,Population Policies/Programmes & Reproductive Health,Ukraine,1,0,spending,XM-DAC-41110-SD2,1152500,1152500
2015-12,xm-dac-41110,The Joint United Nations Programme on HIV and AIDS (UNAIDS) Secretariat,40,Population Policies/Programmes & Reproductive Health,Ukraine,1,0,spending,XM-DAC-41110-SD3,133600,133600
2015-12,xm-dac-41110,The Joint United Nations Programme on HIV and AIDS (UNAIDS) Secretariat,40,Population Policies/Programmes & Reproductive Health,Uruguay,1,0,spending,XM-DAC-41110-SD1,2900,2900
2015-12,xm-dac-41110,The Joint United Nations Programme on HIV and AIDS (UNAIDS) Secretariat,40,Population Policies/Programmes & Reproductive Health,Uruguay,1,0,spending,XM-DAC-41110-SD2,23300,23300
2015-12,xm-dac-41110,The Joint United Nations Programme on HIV and AIDS (UNAIDS) Secretariat,40,Population Policies/Programmes & Reproductive Health,Uzbekistan,1,0,spending,XM-DAC-41110-SD1,491200,491200
2015-12,xm-dac-41110,The Joint United Nations Programme on HIV and AIDS (UNAIDS) Secretariat,40,Population Policies/Programmes & Reproductive Health,Uzbekistan,1,0,spending,XM-DAC-41110-SD2,347200,347200
2015-12,xm-dac-41110,The Joint United Nations Programme on HIV and AIDS (UNAIDS) Secretariat,40,Population Policies/Programmes & Reproductive Health,Uzbekistan,1,0,spending,XM-DAC-41110-SD3,40700,40700
2015-12,xm-dac-41110,The Joint United Nations Programme on HIV and AIDS (UNAIDS) Secretariat,40,Population Policies/Programmes & Reproductive Health,Venezuela,1,0,spending,XM-DAC-41110-SD1,270200,270200
2015-12,xm-dac-41110,The Joint United Nations Programme on HIV and AIDS (UNAIDS) Secretariat,40,Population Policies/Programmes & Reproductive Health,Venezuela,1,0,spending,XM-DAC-41110-SD2,221600,221600
2015-12,xm-dac-41110,The Joint United Nations Programme on HIV and AIDS (UNAIDS) Secretariat,40,Population Policies/Programmes & Reproductive Health,Venezuela,1,0,spending,XM-DAC-41110-SD3,25900,25900
2015-12,xm-dac-41110,The Joint United Nations Programme on HIV and AIDS (UNAIDS) Secretariat,40,Population Policies/Programmes & Reproductive Health,Viet Nam,1,0,spending,XM-DAC-41110-SD1,1213700,1213700
2015-12,xm-dac-41110,The Joint United Nations Programme on HIV and AIDS (UNAIDS) Secretariat,40,Population Policies/Programmes & Reproductive Health,Viet Nam,1,0,spending,XM-DAC-41110-SD3,691300,691300
2015-12,xm-dac-41110,The Joint United Nations Programme on HIV and AIDS (UNAIDS) Secretariat,40,Population Policies/Programmes & Reproductive Health,Yemen,1,0,spending,XM-DAC-41110-SD1,615500,615500
2015-12,xm-dac-41110,The Joint United Nations Programme on HIV and AIDS (UNAIDS) Secretariat,40,Population Policies/Programmes & Reproductive Health,Yemen,1,0,spending,XM-DAC-41110-SD2,12900,12900
2015-12,xm-dac-41110,The Joint United Nations Programme on HIV and AIDS (UNAIDS) Secretariat,40,Population Policies/Programmes & Reproductive Health,Yemen,1,0,spending,XM-DAC-41110-SD3,4300,4300
2015-12,xm-dac-41110,The Joint United Nations Programme on HIV and AIDS (UNAIDS) Secretariat,40,Population Policies/Programmes & Reproductive Health,Zambia,1,0,spending,XM-DAC-41110-SD1,1253500,1253500
2015-12,xm-dac-41110,The Joint United Nations Programme on HIV and AIDS (UNAIDS) Secretariat,40,Population Policies/Programmes & Reproductive Health,Zambia,1,0,spending,XM-DAC-41110-SD2,825400,825400
2015-12,xm-dac-41110,The Joint United Nations Programme on HIV and AIDS (UNAIDS) Secretariat,40,Population Policies/Programmes & Reproductive Health,Zambia,1,0,spending,XM-DAC-41110-SD3,475200,475200
2015-12,xm-dac-41110,The Joint United Nations Programme on HIV and AIDS (UNAIDS) Secretariat,40,Population Policies/Programmes & Reproductive Health,Zimbabwe,1,0,spending,XM-DAC-41110-SD1,1715000,1715000
2015-12,xm-dac-41110,The Joint United Nations Programme on HIV and AIDS (UNAIDS) Secretariat,40,Population Policies/Programmes & Reproductive Health,Zimbabwe,1,0,spending,XM-DAC-41110-SD2,896900,896900
2015-12,xm-dac-41110,The Joint United Nations Programme on HIV and AIDS (UNAIDS) Secretariat,40,Population Policies/Programmes & Reproductive Health,Zimbabwe,1,0,spending,XM-DAC-41110-SD3,592300,592300
2016-03,xm-ocha-cerf,UNOCHA - Central Emergency Response Fund (CERF),40,Emergency Response,Uganda,1,0,spending,XM-OCHA-CERF-16-UF-HCR-007,7375000,7375000
2016-03,xm-ocha-cerf,UNOCHA - Central Emergency Response Fund (CERF),40,Emergency Response,Uganda,1,0,spending,XM-OCHA-CERF-16-UF-WFP-003,5500000,5500000
2016-03,xm-ocha-cerf,UNOCHA - Central Emergency Response Fund (CERF),40,Emergency Response,Uganda,1,0,spending,XM-OCHA-CERF-16-UF-WHO-005,300028,300028
2016-03,xm-ocha-cerf,UNOCHA - Central Emergency Response Fund (CERF),40,Emergency Response,Uganda,1,0,spending,XM-OCHA-CERF-16-UF-WOM-002,250000,250000
2016-09,xm-ocha-cerf,UNOCHA - Central Emergency Response Fund (CERF),40,Emergency Response,Uganda,1,0,spending,XM-OCHA-CERF-16-RR-CEF-097,1690000,1690000
2016-09,xm-ocha-cerf,UNOCHA - Central Emergency Response Fund (CERF),40,Emergency Response,Uganda,1,0,spending,XM-OCHA-CERF-16-RR-WFP-054,3875434,3875434
2016-09,xm-ocha-cerf,UNOCHA - Central Emergency Response Fund (CERF),40,Emergency Response,Uganda,1,0,spending,XM-OCHA-CERF-16-RR-WHO-039,201267,201267
2017-03,xm-ocha-cerf,UNOCHA - Central Emergency Response Fund (CERF),40,Emergency Response,Uganda,1,0,spending,XM-OCHA-CERF-17-UF-CEF-024,2183537,2183537
2017-03,xm-ocha-cerf,UNOCHA - Central Emergency Response Fund (CERF),40,Emergency Response,Uganda,1,0,spending,XM-OCHA-CERF-17-UF-FAO-011,600001,600001
2017-03,xm-ocha-cerf,UNOCHA - Central Emergency Response Fund (CERF),40,Emergency Response,Uganda,1,0,spending,XM-OCHA-CERF-17-UF-HCR-006,4651651,4651651
2017-03,xm-ocha-cerf,UNOCHA - Central Emergency Response Fund (CERF),40,Emergency Response,Uganda,1,0,spending,XM-OCHA-CERF-17-UF-IOM-007,400000,400000
2017-03,xm-ocha-cerf,UNOCHA - Central Emergency Response Fund (CERF),40,Emergency Response,Uganda,1,0,spending,XM-OCHA-CERF-17-UF-UDP-003,400000,400000
2017-03,xm-ocha-cerf,UNOCHA - Central Emergency Response Fund (CERF),40,Emergency Response,Uganda,1,0,spending,XM-OCHA-CERF-17-UF-WFP-014,5200002,5200002
2017-03,xm-ocha-cerf,UNOCHA - Central Emergency Response Fund (CERF),40,Emergency Response,Uganda,1,0,spending,XM-OCHA-CERF-17-UF-WHO-008,300000,300000
2018-04,xm-ocha-cerf,UNOCHA - Central Emergency Response Fund (CERF),40,Emergency Response,Uganda,1,0,spending,XM-OCHA-CERF-18-UF-UDP-005,597062,597062
